<?xml version="1.0" encoding="UTF-8"?>
<project-private xmlns="http://www.netbeans.org/ns/project-private/1">
    <editor-bookmarks xmlns="http://www.netbeans.org/ns/editor-bookmarks/2" lastBookmarkId="0"/>
    <open-files xmlns="http://www.netbeans.org/ns/projectui-open-files/2">
        <group>
            <file>file:/D:/Datos/Downloads/VideoClub/src/Objetos/Cliente.java</file>
            <file>file:/D:/Datos/Downloads/VideoClub/src/videoclub/VideoClub.java</file>
            <file>file:/D:/Datos/Downloads/VideoClub/src/Objetos/Usuario.java</file>
            <file>file:/D:/Datos/Downloads/VideoClub/src/Objetos/Socio.java</file>
            <file>file:/D:/Datos/Downloads/VideoClub/src/Objetos/Pedido.java</file>
            <file>file:/D:/Datos/Downloads/VideoClub/src/Objetos/Catalogo.java</file>
            <file>file:/D:/Datos/Downloads/VideoClub/src/Objetos/Pelicula.java</file>
            <file>file:/D:/Datos/Downloads/VideoClub/src/Objetos/Tarjeta.java</file>
        </group>
    </open-files>
</project-private>
